{
  "name": "Crkbd",
  "vendorId": "0x4653",
  "productId": "0x0001",
  "lighting": {
      "extends": "qmk_rgblight"
  },
  "matrix": { "rows": 8, "cols": 6 },
  "layouts": {
      "keymap": [
        [
            {
              "x": 3,
              "a": 7
            },
            "",
            {
              "x": 7
            },
            ""
          ],
          [
            {
              "y": -0.9,
              "x": 2
            },
            ""
          ],
          [
            {
              "y": -1,
              "x": 4
            },
            "",
            {
              "x": 5
            },
            "",
            {
              "x": 1
            },
            ""
          ],
          [
            {
              "y": -0.9000000000000001,
              "x": 5
            },
            "",
            {
              "x": 3
            },
            ""
          ],
          [
            {
              "y": -0.8999999999999999
            },
            "",
            "",
            {
              "x": 11
            },
            "",
            ""
          ],
          [
            {
              "y": -0.30000000000000004,
              "x": 3
            },
            "",
            {
              "x": 7
            },
            ""
          ],
          [
            {
              "y": -0.8999999999999999,
              "x": 2
            },
            "",
            {
              "x": 1
            },
            "",
            {
              "x": 5
            },
            "",
            {
              "x": 1
            },
            ""
          ],
          [
            {
              "y": -0.9000000000000001,
              "x": 5
            },
            "",
            {
              "x": 3
            },
            ""
          ],
          [
            {
              "y": -0.9000000000000001
            },
            "",
            "",
            {
              "x": 11
            },
            "",
            ""
          ],
          [
            {
              "y": -0.2999999999999998,
              "x": 3
            },
            "",
            {
              "x": 7
            },
            ""
          ],
          [
            {
              "y": -0.8999999999999999,
              "x": 2
            },
            "",
            {
              "x": 1
            },
            "",
            {
              "x": 5
            },
            "",
            {
              "x": 1
            },
            ""
          ],
          [
            {
              "y": -0.8999999999999999,
              "x": 5
            },
            "",
            {
              "x": 3
            },
            ""
          ],
          [
            {
              "y": -0.9000000000000004
            },
            "",
            "",
            {
              "x": 11
            },
            "",
            ""
          ],
          [
            {
              "y": -0.19999999999999973,
              "x": 3.5
            },
            "",
            {
              "x": 6
            },
            ""
          ],
          [
            {
              "a": 4
            },
            "0,0\n\n\n\n\n\n\n\n\ne",
            "0,1\n\n\n\n\n\n\n\n\ne",
            {
              "x": 11
            },
            "1,0\n\n\n\n\n\n\n\n\ne",
            "1,1\n\n\n\n\n\n\n\n\ne"
          ],
          [
            {
              "r": 15,
              "rx": 4.5,
              "ry": 4.1,
              "y": -0.9999999999999996,
              "a": 7
            },
            ""
          ],
          [
            {
              "r": 30,
              "rx": 5.4,
              "ry": 4.3,
              "y": -1.5,
              "x": 0.09999999999999964,
              "h": 1.5
            },
            ""
          ],
          [
            {
              "r": -30,
              "rx": 9.6,
              "y": -1.5,
              "x": -1.0999999999999996,
              "h": 1.5
            },
            ""
          ],
          [
            {
              "r": -15,
              "rx": 10.5,
              "ry": 4.1,
              "y": -0.9999999999999996,
              "x": -1
            },
            ""
          ]
        ]
  }
}
